index,prediction
107576,
107577,40 millimetre
107578,40 millimetre
107579,25 centimetre
107580,25 centimetre
107581,25 centimetre
107582,152.4 metre
107583,18 millimetre
107584,18 millimetre
107585,13 centimetre
107586,
107587,
107588,
107589,
107590,6.5 centimetre
107591,
107592,
107593,21 centimetre
107594,177.2 centimetre
107595,
107596,73 millimetre
107597,73 millimetre
107598,73 millimetre
107599,24 centimetre
107600,12 centimetre
107601,12 centimetre
107602,
107603,46 centimetre
107604,
107605,
107606,
107607,3 metre
107608,125 centimetre
107609,125 centimetre
107610,60 millimetre
107611,
107612,
107613,
107614,
107615,
107616,
107617,
107618,14 centimetre
107619,14 centimetre
107620,3 metre
107621,3 foot
107622,3 foot
107623,3 foot
107624,90 centimetre
107625,4.3 centimetre
107626,4.3 centimetre
107627,24.3 centimetre
107628,300 pound
107629,2.48 inch
107630,
107631,30 centimetre
107632,1.5 centimetre
107633,7 foot
107634,7 foot
107635,23.5 inch
107636,23.5 inch
107637,5.5 inch
107638,5.5 inch
107639,5.5 inch
107640,
107641,
107642,28 centimetre
107643,28 centimetre
107644,6 centimetre
107645,6 centimetre
107646,12.5 centimetre
107647,50 centimetre
107648,24 gram
107649,3.7 inch
107650,3.7 inch
107651,3.9 inch
107652,33 centimetre
107653,9 centimetre
107654,38.5 millimetre
107655,12 centimetre
107656,50 centimetre
107657,50 centimetre
107658,
107659,2.54 pound
107660,5.5 inch
107661,5.5 inch
107662,
107663,
107664,190 centimetre
107665,5.1 inch
107666,40 centimetre
107667,
107668,
107669,50 centimetre
107670,45 millimetre
107671,
107672,
107673,20 centimetre
107674,2.4 metre
107675,2.4 metre
107676,2.4 metre
107677,50 centimetre
107678,50 centimetre
107679,2.4 inch
107680,2.4 inch
107681,
107682,5.16 inch
107683,
107684,30 centimetre
107685,22.5 centimetre
107686,20 centimetre
107687,1.18 inch
107688,1.18 inch
107689,180 millimetre
107690,180 millimetre
107691,120 millimetre
107692,120 millimetre
107693,109.22 centimetre
107694,109.22 centimetre
107695,
107696,72 centimetre
107697,72 centimetre
107698,72 centimetre
107699,3.11 inch
107700,3.11 inch
107701,130 centimetre
107702,130 centimetre
107703,316 millimetre
107704,
107705,26 centimetre
107706,26 centimetre
107707,22.64 inch
107708,
107709,600 watt
107710,3.4 inch
107711,3.4 inch
107712,3.4 inch
107713,12.5 centimetre
107714,72 inch
107715,72 inch
107716,38 centimetre
107717,38 centimetre
107718,20 centimetre
107719,
107720,12 inch
107721,12 inch
107722,12 inch
107723,11 inch
107724,11 inch
107725,104 centimetre
107726,
107727,
107728,3 centimetre
107729,3 centimetre
107730,9.5 centimetre
107731,2 centimetre
107732,4 inch
107733,11 inch
107734,11 inch
107735,24.6 centimetre
107736,40 centimetre
107737,9 inch
107738,9 inch
107739,
107740,
107741,72 inch
107742,72 inch
107743,3.5 inch
107744,3.5 inch
107745,
107746,
107747,6 inch
107748,350 pound
107749,20 metre
107750,
107751,94 millimetre
107752,5.1 inch
107753,5.1 inch
107754,5.1 inch
107755,
107756,
107757,
107758,
107759,8.5 inch
107760,8.5 inch
107761,13.1 centimetre
107762,12 centimetre
107763,5.1 inch
107764,5.1 inch
107765,
107766,40 centimetre
107767,40 centimetre
107768,
107769,2.5 inch
107770,13 centimetre
107771,
107772,13.6 pound
107773,8 centimetre
107774,
107775,
107776,
107777,
107778,
107779,
107780,
107781,12 inch
107782,6.69 inch
107783,6.69 inch
107784,
107785,220 millimetre
107786,220 millimetre
107787,140 centimetre
107788,140 centimetre
107789,14.96 inch
107790,14.96 inch
107791,558.8 millimetre
107792,558.8 millimetre
107793,11 centimetre
107794,4.6 inch
107795,60 centimetre
107796,60 centimetre
107797,60 centimetre
107798,150 millimetre
107799,9 inch
107800,9 inch
107801,9.25 centimetre
107802,25 centimetre
107803,25 centimetre
107804,11.2 centimetre
107805,
107806,
107807,
107808,1.3 metre
107809,1.3 metre
107810,
107811,
107812,80 centimetre
107813,
107814,
107815,
107816,
107817,
107818,21.5 centimetre
107819,22 millimetre
107820,22 millimetre
107821,
107822,
107823,81 centimetre
107824,21.5 centimetre
107825,21.5 centimetre
107826,152 millimetre
107827,2.2 inch
107828,2.2 inch
107829,4.33 inch
107830,4.33 inch
107831,50 centimetre
107832,50 centimetre
107833,0.98 inch
107834,1.4 inch
107835,2.09 pound
107836,
107837,
107838,11.8 centimetre
107839,11.8 centimetre
107840,11.8 centimetre
107841,
107842,10.5 centimetre
107843,10.5 centimetre
107844,28 centimetre
107845,28 centimetre
107846,
107847,
107848,10 centimetre
107849,9 centimetre
107850,9 centimetre
107851,6.25 inch
107852,6.25 inch
107853,175 millimetre
107854,175 millimetre
107855,61.5 centimetre
107856,50 centimetre
107857,
107858,
107859,
107860,72 inch
107861,72 inch
107862,
107863,
107864,34 centimetre
107865,34 centimetre
107866,820.3 centimetre
107867,820.3 centimetre
107868,820.3 centimetre
107869,180 centimetre
107870,180 centimetre
107871,120 kilogram
107872,120 kilogram
107873,35 millimetre
107874,45 centimetre
107875,
107876,
107877,3.74 inch
107878,3.74 inch
107879,
107880,
107881,
107882,0.82 pound
107883,
107884,
107885,4.7 inch
107886,18 centimetre
107887,18 centimetre
107888,3.25 inch
107889,3.25 inch
107890,7 centimetre
107891,7 centimetre
107892,25 millimetre
107893,27 millimetre
107894,32 centimetre
107895,32 centimetre
107896,32 centimetre
107897,8.4 centimetre
107898,8.4 centimetre
107899,19 centimetre
107900,19 centimetre
107901,9.5 centimetre
107902,9.5 centimetre
107903,4 millimetre
107904,13 centimetre
107905,
107906,
107907,40 centimetre
107908,
107909,2.5 centimetre
107910,2.5 centimetre
107911,35 centimetre
107912,35 centimetre
107913,6.5 centimetre
107914,19.6 inch
107915,19.6 inch
107916,80 centimetre
107917,12 millimetre
107918,
107919,
107920,
107921,10 centimetre
107922,10 centimetre
107923,3.42 inch
107924,3.42 inch
107925,
107926,
107927,
107928,
107929,80 centimetre
107930,80 centimetre
107931,30 centimetre
107932,30 centimetre
107933,30 centimetre
107934,20 millimetre
107935,20 millimetre
107936,150 centimetre
107937,150 centimetre
107938,45 centimetre
107939,45 centimetre
107940,45 centimetre
107941,167.2 millimetre
107942,167.2 millimetre
107943,1 inch
107944,27.6 centimetre
107945,2.4 metre
107946,2.4 metre
107947,28.4 metre
107948,66 millimetre
107949,
107950,
107951,
107952,36 inch
107953,36 inch
107954,6.8 inch
107955,6.8 inch
107956,2.8 inch
107957,2.8 inch
107958,
107959,1.6 inch
107960,
107961,
107962,6.50 centimetre
107963,
107964,11 centimetre
107965,
107966,
107967,
107968,
107969,
107970,6 centimetre
107971,6 centimetre
107972,340 millimetre
107973,
107974,
107975,
107976,0.85 metre
107977,0.85 metre
107978,27.17 inch
107979,27.17 inch
107980,
107981,
107982,22 centimetre
107983,22 centimetre
107984,22 centimetre
107985,14 centimetre
107986,14 centimetre
107987,14 centimetre
107988,1.57 inch
107989,1195 millimetre
107990,1195 millimetre
107991,1195 millimetre
107992,1.8 inch
107993,1.8 inch
107994,8.50 centimetre
107995,
107996,
107997,
107998,
107999,77.5 centimetre
108000,
108001,
108002,
108003,
108004,122 centimetre
108005,122 centimetre
108006,7 centimetre
108007,7 centimetre
108008,7 centimetre
108009,56 centimetre
108010,8 inch
108011,8 inch
108012,5 centimetre
108013,2 inch
108014,4.72 inch
108015,4.72 inch
108016,24 inch
108017,24 inch
108018,9 centimetre
108019,26 centimetre
108020,26 centimetre
108021,2.9 inch
108022,2.9 inch
108023,
108024,2270030 metre
108025,2270030 metre
108026,26 gram
108027,2.6 inch
108028,19 centimetre
108029,19 centimetre
108030,
108031,125 millimetre
108032,
108033,4 inch
108034,4 inch
108035,33 centimetre
108036,33 centimetre
108037,1 millimetre
108038,1 millimetre
108039,1 millimetre
108040,9.8 inch
108041,64 millimetre
108042,
108043,4.6 inch
108044,6 centimetre
108045,770 millimetre
108046,770 millimetre
108047,
108048,750 watt
108049,300 pound
108050,25 centimetre
108051,22 millimetre
108052,25 centimetre
108053,25 centimetre
108054,60 centimetre
108055,60 centimetre
108056,46 centimetre
108057,46 centimetre
108058,45 pound
108059,
108060,
108061,48 centimetre
108062,48 centimetre
108063,8.7 centimetre
108064,8.7 centimetre
108065,12 metre
108066,12 metre
108067,13 centimetre
108068,10.5 centimetre
108069,40 inch
108070,40 inch
108071,35 inch
108072,4.72 inch
108073,4.72 inch
108074,45 centimetre
108075,
108076,
108077,550 millimetre
108078,17.72 inch
108079,17.72 inch
108080,
108081,26.66 inch
108084,5.9 inch
108085,33 centimetre
108086,51.89 centimetre
108087,16 inch
108088,16 inch
108089,10.6 inch
108090,2 metre
108091,
108092,44 centimetre
108093,
108094,30 centimetre
108095,30 centimetre
108096,22.5 centimetre
108097,22.5 centimetre
108098,10 inch
108099,10 inch
108100,6 inch
108101,19 millimetre
108102,10 inch
108103,10 inch
108104,10 inch
108105,30 centimetre
108106,31 centimetre
108107,137 centimetre
108108,26 centimetre
108109,3.11 inch
108110,3.11 inch
108111,3.43 inch
108112,20 inch
108113,20 inch
108114,2.3 pound
108115,
108116,5.9 inch
108117,5.9 inch
108118,5 centimetre
108119,5 centimetre
108120,5 centimetre
108121,19.5 centimetre
108122,19.5 centimetre
108123,19.5 centimetre
108124,75 centimetre
108125,8 centimetre
108126,8 centimetre
108127,2.4 inch
108128,2.4 inch
108129,2.4 inch
108130,13.84 millimetre
108131,12 inch
108132,12 inch
108133,12 inch
108134,
108135,150 kilogram
108136,150 kilogram
108137,6.5 inch
108138,6.5 inch
108139,15 centimetre
108140,30 centimetre
108141,30 centimetre
108142,30 centimetre
108143,111.6 millimetre
108144,8.25 inch
108145,8.25 inch
108146,16 centimetre
108147,16 centimetre
108148,
108149,43.3 inch
108150,
108151,
108152,3.07 inch
108153,26.4 centimetre
108154,13 millimetre
108155,13 millimetre
108156,13 millimetre
108157,108.66 inch
108158,108.66 inch
108159,
108160,3.1 inch
108161,3.1 inch
108162,
108163,
108164,
108165,
108166,5.1 inch
108167,5.1 inch
108168,5 inch
108169,4.25 inch
108170,6 centimetre
108171,
108172,
108173,11.5 centimetre
108174,11.5 centimetre
108175,
108176,
108177,12.2 inch
108178,12.2 inch
108179,150 centimetre
108180,44 inch
108181,44 inch
108182,0.66 inch
108183,0.66 inch
108184,
108185,
108186,2 millimetre
108187,2 millimetre
108188,455 millimetre
108189,455 millimetre
108190,62 centimetre
108191,45 millimetre
108192,45 millimetre
108193,45 millimetre
108194,13 centimetre
108195,13 centimetre
108196,13 centimetre
108197,
108198,
108199,3 inch
108200,3 inch
108201,3 inch
108202,3.2 inch
108203,3.2 inch
108204,
108205,
108206,
108207,13.6 centimetre
108208,5.4 inch
108209,5.4 inch
108210,14.2 centimetre
108211,14.2 centimetre
108212,35 centimetre
108213,35 centimetre
108214,
108215,16.5 inch
108216,
108217,10 centimetre
108218,355 millilitre
108219,210 centimetre
108220,210 centimetre
108221,210 centimetre
108222,
108223,2.6 inch
108224,40 gram
108225,5 centimetre
108226,17.34 inch
108227,45 centimetre
108228,45 centimetre
108229,7 centimetre
108230,21.6 inch
108231,21.6 inch
108232,
108233,13.5 centimetre
108234,13.5 centimetre
108235,7.5 centimetre
108236,5 centimetre
108237,5 centimetre
108238,7.2 centimetre
108239,10 centimetre
108240,10 centimetre
108241,250 millimetre
108242,4.53 inch
108243,4.53 inch
108244,
108245,13.8 inch
108246,1 millimetre
108247,1 millimetre
108248,17 centimetre
108249,
108250,2.3 ounce
108251,43.2 centimetre
108252,43.2 centimetre
108253,14 centimetre
108254,
108255,0.5 millimetre
108256,0.5 millimetre
108257,6.10 inch
108258,26 centimetre
108259,26 centimetre
108260,25 centimetre
108261,25 centimetre
108262,12 centimetre
108263,12 centimetre
108264,3 metre
108265,
108266,
108267,
108268,50 pound
108269,28 centimetre
108270,28 centimetre
108271,1.77 inch
108272,1.77 inch
108273,1.77 inch
108274,
108275,25 millimetre
108276,274 centimetre
108277,274 centimetre
108278,59 centimetre
108279,
108280,
108281,1.77 inch
108282,27 centimetre
108283,27 centimetre
108284,11 inch
108285,11 inch
108286,17251 millimetre
108287,3.7 inch
108288,
108289,
108290,10 centimetre
108291,10 centimetre
108292,10 centimetre
108293,6.2 inch
108294,6.2 inch
108295,8.9 inch
108296,45 centimetre
108297,45 centimetre
108298,45 centimetre
108299,10 inch
108300,
108301,
108302,
108303,
108304,
108305,
108306,
108307,6 metre
108308,6 metre
108309,6 metre
108310,14.5 centimetre
108311,50 centimetre
108312,40 centimetre
108313,4 centimetre
108314,230 centimetre
108315,35 centimetre
108316,35 centimetre
108317,35 centimetre
108318,40 millimetre
108319,40 millimetre
108320,24.5 centimetre
108321,53 centimetre
108322,
108323,9 centimetre
108324,9 centimetre
108325,42 centimetre
108326,42 centimetre
108327,42 centimetre
108328,
108329,2 gram
108330,20 centimetre
108331,20 centimetre
108332,150 centimetre
108333,150 centimetre
108334,
108335,95 centimetre
108336,145 millimetre
108337,218 millimetre
108338,218 millimetre
108339,22 centimetre
108340,
108341,3.1 inch
108342,46 centimetre
108343,40 centimetre
108344,29.7 centimetre
108345,29.7 centimetre
108346,
108347,
108348,8.7 inch
108349,5 centimetre
108350,31 centimetre
108351,31 centimetre
108352,31 centimetre
108353,25 watt
108354,2.2 inch
108355,2.2 inch
108356,15.7 inch
108357,15.7 inch
108358,92 millimetre
108359,10 inch
108360,10 inch
108361,10 inch
108362,150 centimetre
108363,150 centimetre
108364,5.5 centimetre
108365,90180 centimetre
108366,97 millimetre
108367,14 centimetre
108368,14 centimetre
108369,15 centimetre
108370,15 centimetre
108371,
108372,12.6 inch
108373,12 inch
108374,12 inch
108375,17.5 centimetre
108376,17.5 centimetre
108377,30 centimetre
108378,19 centimetre
108379,6 inch
108380,6 inch
108381,6.8 inch
108382,6.8 inch
108383,55.8 centimetre
108384,88 millimetre
108385,88 millimetre
108386,34 centimetre
108387,52.5 millimetre
108388,58 millimetre
108389,
108390,2 centimetre
108391,2 centimetre
108392,
108393,0.85 millimetre
108394,9 inch
108395,2.36 inch
108396,
108397,
108398,
108399,9 inch
108400,9 inch
108401,9 inch
108402,220 pound
108403,
108404,
108405,0.35 ounce
108406,
108407,100 watt
108408,6 kilogram
108409,65 watt
108410,
108411,
108412,236 millilitre
108413,160 kilogram
108414,
108415,
108416,
108417,
108418,
108419,
108420,
108421,260 pound
108422,17.6 ounce
108423,
108424,
108425,
108426,
108427,5 volt
108428,
108429,
108430,20 watt
108431,355 millilitre
108432,
108433,
108434,
108435,
108436,
108437,
108438,
108439,
108440,50 ton
108441,
108442,0001 ton
108443,
108444,
108445,
108446,
108447,
108448,
108449,
108450,
108451,
108452,6 ounce
108453,
108454,
108455,
108456,
108457,
108458,
108459,25 gram
108460,
108461,
108462,
108463,65 pound
108464,
108465,
108466,10 watt
108467,
108468,5.3 pound
108469,16 kilogram
108470,
108471,1.4 ton
108472,
108473,
108474,0 gram
108475,
108476,10 pound
108477,1 gram
108478,
108479,
108480,30 gram
108481,2 pound
108482,5 pound
108483,
108484,
108485,
108486,
108487,100 watt
108488,
108489,
108490,36 ounce
108491,
108492,
108493,
108494,
108495,
108496,
108497,150 kilogram
108498,150 kilogram
108499,5 ton
108500,
108501,
108502,
108503,
108504,
108505,
108506,
108507,
108508,
108509,200 gram
108510,9.6 ton
108511,3000 gram
108512,
108513,335 gram
108514,335 gram
108515,
108516,1 gram
108517,1000 pound
108518,
108519,
108520,
108521,128 gram
108522,
108523,
108524,
108525,236 millilitre
108526,5 gram
108527,3 kilogram
108528,
108529,
108530,
108531,
108532,
108533,340 pound
108534,
108535,
108536,
108537,120 gram
108538,
108539,
108540,
108541,
108542,
108543,5 volt
108544,
108545,14 gram
108546,
108547,
108548,21.67 pound
108549,17 pound
108550,
108551,
108552,
108553,20 pound
108554,
108555,12 volt
108556,
108557,500 gram
108558,370 millilitre
108559,4.1 kilogram
108560,
108561,
108562,
108563,
108564,
108565,
108566,
108567,
108568,
108569,250 pound
108570,250 pound
108571,11 pound
108572,
108573,
108574,
108575,60 pound
108576,
108577,
108578,1 ton
108579,
108580,3000 watt
108581,
108582,360 gram
108583,
108584,
108585,120 kilogram
108586,120 kilogram
108587,16.2 ton
108588,
108589,
108590,473 millilitre
108591,40 ton
108592,
108593,
108594,
108595,
108596,
108597,
108598,5.8 ounce
108599,6 ounce
108600,
108601,473 millilitre
108602,
108603,354 millilitre
108604,
108605,600 millilitre
108606,4000 ton
108607,
108608,
108609,
108610,
108611,128 gram
108612,
108613,
108614,
108615,
108616,20 watt
108617,
108618,
108619,2.0 gram
108620,260 gram
108621,600 pound
108622,400 pound
108623,946 millilitre
108624,285 pound
108625,
108626,
108627,
108628,
108629,250 millilitre
108630,60 pound
108631,
108632,
108633,
108634,
108635,4 ton
108636,
108637,
108638,
108639,
108640,
108641,
108642,1600 watt
108643,
108644,40 pound
108645,
108646,
108647,
108648,
108649,120 gram
108650,120 gram
108651,3 ton
108652,
108653,100 gram
108654,
108655,9015 watt
108656,65 watt
108657,
108658,
108659,
108660,
108661,
108662,220 pound
108663,220 pound
108664,
108665,
108666,
108667,
108668,
108669,110 volt
108670,
108671,240 volt
108672,
108673,
108674,
108675,8 gram
108676,150 millilitre
108677,1 ton
108678,1 ton
108679,
108680,
108681,100 millilitre
108682,9 kilogram
108683,
108684,
108685,230 gram
108686,2.4 pound
108687,
108688,
108689,
108690,
108691,100 millilitre
108692,200 kilogram
108693,200 kilogram
108694,380 gram
108695,
108696,6 kilogram
108697,6 kilogram
108698,600 watt
108699,
108700,
108701,
108702,50 pound
108703,8 ton
108704,
108705,2 ton
108706,
108707,
108708,
108709,
108710,
108711,110 kilogram
108712,110 kilogram
108713,
108714,230 volt
108715,630 watt
108716,
108717,0.44 ounce
108718,
108719,
108720,4.23 ounce
108721,
108722,
108723,
108724,
108725,
108726,2 gram
108727,
108728,
108729,12 volt
108730,
108731,120 kilogram
108732,120 kilogram
108733,2.5 ton
108734,
108735,
108736,
108737,10.5 ounce
108738,
108739,
108740,
108741,
108742,
108743,32 gram
108744,8 gram
108745,118 millilitre
108746,6.1 gram
108747,
108748,
108749,
108750,
108751,
108752,
108753,
108754,
108755,450 pound
108756,500 pound
108757,
108758,
108759,15 pound
108760,
108761,
108762,
108763,180 gram
108764,180 gram
108765,20 pound
108766,
108767,
108768,51 pound
108769,51 pound
108770,
108771,20 pound
108772,1 ounce
108773,
108774,
108775,
108776,
108777,
108778,
108779,3 pound
108780,
108781,5.7 ounce
108782,
108783,
108784,2.54 pound
108785,
108786,
108787,
108788,124 gram
108789,5.1 kilogram
108790,
108791,
108792,
108793,22 pound
108794,
108795,7 kilogram
108796,7 kilogram
108797,
108798,
108799,
108800,
108801,946 millilitre
108802,
108803,15 kilogram
108804,15 kilogram
108805,
108806,330 pound
108807,330 pound
108808,
108809,
108810,8.8 ounce
108811,
108812,3 gram
108813,
108814,17 gram
108815,4 gram
108816,
108817,
108818,12 pound
108819,
108820,
108821,
108822,
108823,
108824,
108825,
108826,
108827,
108828,
108829,
108830,16 gram
108831,
108832,
108833,
108834,70 millilitre
108835,2000 pound
108836,2000 pound
108837,4 gram
108838,
108839,145 kilogram
108840,145 kilogram
108841,
108842,
108843,
108844,
108845,
108846,
108847,
108848,
108849,6 ounce
108850,
108851,
108852,
108853,946 millilitre
108854,
108855,
108856,
108857,
108858,
108859,
108860,
108861,
108862,
108863,
108864,
108865,
108866,
108867,
108868,
108869,15 watt
108870,
108871,920 gram
108872,
108873,
108874,
108875,
108876,
108877,15 watt
108878,1 gram
108879,50 ounce
108880,27 ton
108881,375 millilitre
108882,
108883,
108884,
108885,
108886,
108887,
108888,
108889,6 ounce
108890,
108891,8015 watt
108892,
108893,
108894,
108895,
108896,
108897,
108898,150 kilogram
108899,150 kilogram
108900,20 pound
108901,
108902,
108903,946 millilitre
108904,60 pound
108905,
108906,
108907,
108908,
108909,91964 ton
108910,
108911,
108912,
108913,
108914,
108915,
108916,
108917,
108918,
108919,
108920,4 gram
108921,4 gram
108922,
108923,
108924,
108925,
108926,209 gram
108927,189 gram
108928,
108929,
108930,60 pound
108931,60 pound
108932,
108933,120 kilogram
108934,120 kilogram
108935,55 pound
108936,
108937,
108938,
108939,400 pound
108940,147 millilitre
108941,
108942,
108943,
108944,
108945,100 kilogram
108946,100 kilogram
108947,750 millilitre
108948,1.06 ounce
108949,
108950,
108951,
108952,
108953,180 pound
108954,
108955,
108956,
108957,
108958,
108959,7.83 gram
108960,
108961,500 pound
108962,500 pound
108963,
108964,
108965,
108966,750 pound
108967,68 ounce
108968,
108969,
108970,
108971,
108972,
108973,
108974,5 gram
108975,5 gram
108976,
108977,
108978,
108979,
108980,1460 pound
108981,
108982,
108983,
108984,
108985,50201 volt
108986,
108987,
108988,
108989,
108990,
108991,
108992,296 gram
108993,
108994,
108995,
108996,
108997,
108998,
108999,
109000,2.7 ton
109001,
109002,
109003,0.01 pound
109004,40 gram
109005,40 gram
109006,
109007,
109008,3.5 ounce
109009,
109010,
109011,
109012,150 millilitre
109013,56 gram
109014,
109015,
109016,
109017,371 gram
109018,715 pound
109019,
109020,
109021,
109022,
109023,44 pound
109024,
109025,8 millilitre
109026,8 gram
109027,8 pound
109028,8 pound
109029,
109030,
109031,
109032,
109033,
109034,
109035,
109036,
109037,400 pound
109038,
109039,
109040,
109041,200 millilitre
109042,2.60 gram
109043,0.17 pound
109044,
109045,150 pound
109046,150 pound
109047,0.6 kilogram
109048,
109049,
109050,
109051,
109052,
109053,
109054,330 pound
109055,330 pound
109056,
109057,6 gram
109058,
109059,20 volt
109060,
109061,
109062,
109063,15 millilitre
109064,3 gram
109065,
109066,3 pound
109067,
109068,
109069,
109070,80 ton
109071,750 millilitre
109072,
109073,
109074,
109075,
109076,
109077,15 watt
109078,12 volt
109079,
109080,
109081,
109082,00 gram
109083,8 ton
109084,400 gram
109085,
109086,
109087,810 gram
109088,
109089,
109090,
109091,0.50 ounce
109092,
109093,
109094,40 ton
109095,
109096,
109097,1.28 ounce
109098,1911 ton
109099,
109100,
109101,
109102,200 millilitre
109103,
109104,
109105,
109106,
109107,20 pound
109108,
109109,
109110,
109111,450 pound
109112,450 pound
109113,
109114,
109115,60 pound
109116,4.6 pound
109117,
109118,
109119,
109120,8.21 kilogram
109121,
109122,
109123,
109124,
109125,
109126,
109127,
109128,
109129,
109130,
109131,
109132,
109133,
109134,52 pound
109135,52 pound
109136,
109137,
109138,250 millilitre
109139,
109140,
109141,
109142,600 ton
109143,
109144,
109145,
109146,
109147,
109148,
109149,710 millilitre
109150,4 ton
109151,
109152,
109153,1 ton
109154,1 ton
109155,
109156,1.0 ounce
109157,
109158,2.3 gram
109159,
109160,
109161,
109162,
109163,
109164,15 millilitre
109165,240 volt
109166,
109167,
109168,
109169,40 pound
109170,473 millilitre
109171,500 pound
109172,
109173,
109174,240 volt
109175,
109176,473 millilitre
109177,64 gram
109178,
109179,
109180,
109181,1 ton
109182,1 ton
109183,
109184,
109185,300 pound
109186,
109187,
109188,
109189,
109190,380 pound
109191,3.4 ounce
109192,
109193,2.54 pound
109194,
109195,40 pound
109196,
109197,
109198,
109199,
109200,24 pound
109201,
109202,
109203,115 gram
109204,115 gram
109205,
109206,5.0 ounce
109207,5.0 ounce
109208,
109209,
109210,
109211,
109212,4.1 pound
109213,800 pound
109214,800 pound
109215,
109216,
109217,
109218,265 pound
109219,265 pound
109220,
109221,250 millilitre
109222,
109223,300 kilogram
109224,300 kilogram
109225,30 pound
109226,5 kilogram
109227,5 kilogram
109228,
109229,
109230,
109231,36 ounce
109232,
109233,
109234,
109235,
109236,
109237,1 ton
109238,
109239,
109240,
109241,132 pound
109242,
109243,
109244,
109245,1.5 ton
109246,
109247,7.5 millilitre
109248,15 millilitre
109249,
109250,1.25 kilogram
109251,
109252,
109253,
109254,
109255,
109256,0.13 pound
109257,0.13 pound
109258,
109259,
109260,18 watt
109261,
109262,2.0 ton
109263,
109264,153 ton
109265,
109266,
109267,
109268,
109269,
109270,2.4 gram
109271,236 millilitre
109272,
109273,400 kilogram
109274,400 kilogram
109275,1.26 pound
109276,6.84 ounce
109277,200 gram
109278,7 ton
109279,
109280,45 kilogram
109281,45 kilogram
109282,
109283,
109284,285 pound
109285,
109286,
109287,
109288,4 ton
109289,150 kilogram
109290,150 kilogram
109291,20 watt
109292,
109293,440 pound
109294,440 pound
109295,
109296,
109297,7.3 millilitre
109298,
109299,
109300,
109301,
109302,
109303,
109304,
109305,
109306,
109307,21 ounce
109308,660 pound
109309,660 pound
109310,50 pound
109311,15 gram
109312,
109313,
109314,
109315,
109316,
109317,2200 pound
109318,
109319,80 pound
109320,
109321,
109322,
109323,
109324,
109325,0.8 pound
109326,0.8 pound
109327,15 millilitre
109328,
109329,
109330,
109331,
109332,4 gram
109333,200 gram
109334,200 gram
109335,330 pound
109336,
109337,
109338,
109339,
109340,348 gram
109341,50 millilitre
109342,
109343,
109344,4 gram
109345,
109346,750 pound
109347,
109348,
109349,8 gram
109350,
109351,
109352,
109353,237 millilitre
109354,
109355,330 pound
109356,330 pound
109357,
109358,90 gram
109359,
109360,
109361,
109362,
109363,
109364,
109365,
109366,
109367,238 gram
109368,29 gram
109369,
109370,
109371,4.1 pound
109372,
109373,
109374,
109375,
109376,190 millilitre
109377,
109378,
109379,
109380,
109381,
109382,
109383,
109384,
109385,
109386,220 kilogram
109387,220 kilogram
109388,19 gram
109389,
109390,
109391,
109392,4 gram
109393,300 pound
109394,
109395,
109396,
109397,
109398,
109400,
109401,
109402,
109403,
109404,60 watt
109405,
109406,8 ton
109407,
109408,
109409,
109410,
109411,
109412,
109413,
109414,335 pound
109415,335 pound
109416,
109417,
109418,
109419,
109420,
109421,
109422,15 watt
109423,
109424,
109425,
109426,
109427,
109428,400 pound
109429,
109430,
109431,65 watt
109432,
109433,
109434,
109435,
109436,
109437,12 volt
109438,15 pound
109439,15 pound
109440,
109441,
109442,
109443,
109444,
109445,
109446,150 kilogram
109447,150 kilogram
109448,360 gram
109449,
109450,
109451,2.5 gram
109452,60 watt
109453,
109454,
109455,2 gram
109456,
109457,
109458,16 ounce
109459,
109460,
109461,13726217860 ton
109462,
109463,
109464,60 watt
109465,
109466,
109467,
109468,
109469,
109470,
109471,59 millilitre
109472,
109473,235 gram
109474,12 gram
109475,
109476,
109477,100 watt
109478,
109479,
109480,
109481,
109482,
109483,28 gram
109484,14 millilitre
109485,
109486,
109487,
109488,170 gram
109489,250 millilitre
109490,
109491,1 ton
109492,
109493,8 ton
109494,
109495,09225 volt
109496,
109497,
109498,
109499,
109500,
109501,24 volt
109502,
109503,250 pound
109504,250 pound
109505,
109506,
109507,
109508,
109509,
109510,
109511,600 pound
109512,600 pound
109513,
109514,
109515,14 ton
109516,
109517,
109518,
109519,14 millilitre
109520,
109521,
109522,5 volt
109523,
109524,3 gram
109525,
109526,
109527,
109528,
109529,
109530,
109531,
109532,50 gram
109533,
109534,
109535,
109536,4.3 pound
109537,
109538,
109539,
109540,
109541,14 ounce
109542,
109543,60 watt
109544,20 pound
109545,20 pound
109546,3.6 pound
109547,
109548,
109549,
109550,
109551,40 kilogram
109552,40 kilogram
109553,
109554,
109555,
109556,
109557,
109558,25 watt
109559,265 pound
109560,265 pound
109561,
109562,
109563,
109564,12 volt
109565,
109566,2.3 ounce
109567,
109568,
109569,
109570,100 pound
109571,
109572,
109573,
109574,
109575,
109576,
109577,
109578,
109579,
109580,1 gram
109581,
109582,240 volt
109583,
109584,
109585,
109586,
109587,150 pound
109588,
109589,
109590,
109591,300 pound
109592,300 pound
109593,
109594,
109595,16 kilogram
109596,
109597,
109598,
109599,
109600,
109601,
109602,0.8 gram
109603,
109604,
109605,
109606,3 pound
109607,
109608,500 gram
109609,
109610,
109611,
109612,5 volt
109613,
109614,4 gram
109615,
109616,650 watt
109617,
109618,990 pound
109619,
109620,
109621,
109622,50 pound
109623,
109624,
109625,16 ounce
109626,
109627,
109628,60 watt
109629,2.4 gram
109630,
109631,
109632,
109633,
109634,
109635,50 millilitre
109636,200 kilogram
109637,200 kilogram
109638,60 pound
109639,
109640,
109641,
109642,
109643,4 ton
109644,
109645,30 kilogram
109646,30 kilogram
109647,
109648,220 pound
109649,220 pound
109650,
109651,
109652,200 gram
109653,
109654,
109655,200 kilogram
109656,200 kilogram
109657,
109658,
109659,1 ton
109660,1 ton
109661,
109662,8 watt
109663,
109664,
109665,150 watt
109666,
109667,
109668,300 pound
109669,236 millilitre
109670,
109671,59 millilitre
109672,62 kilogram
109673,265 pound
109674,265 pound
109675,0 pound
109676,
109677,
109678,
109679,
109680,
109681,
109682,
109683,
109684,
109685,1 gram
109686,
109687,200 watt
109688,
109689,
109690,
109691,
109692,110 volt
109693,600 pound
109694,40 pound
109695,
109696,
109697,
109698,
109699,
109700,180 gram
109701,
109702,24 gram
109703,
109704,184 gram
109705,
109706,
109707,10 kilogram
109708,10 kilogram
109709,
109710,8 ounce
109711,
109712,
109713,
109714,
109715,
109716,
109717,
109718,
109719,150 kilogram
109720,150 kilogram
109721,79 gram
109722,79 gram
109723,
109724,
109725,45 pound
109726,
109727,
109728,
109729,300 pound
109730,300 pound
109731,50 gram
109732,240 gram
109733,
109734,
109735,
109736,
109737,
109738,16 gram
109739,
109740,
109741,
109742,2.5 kilogram
109743,
109744,
109745,
109746,
109747,0.81 pound
109748,
109749,
109750,
109751,000 watt
109752,
109753,
109754,
109755,0.3 ton
109756,
109757,
109758,
109759,
109760,
109761,
109762,400 pound
109763,400 pound
109764,
109765,
109766,1 ton
109767,
109768,
109769,
109770,
109771,
109772,1.3 kilogram
109773,1.3 kilogram
109774,
109775,
109776,
109777,
109778,
109779,
109780,
109781,
109782,8 gram
109783,
109784,
109785,
109786,145 gram
109787,
109788,
109789,
109790,
109791,4 gram
109792,
109793,850 watt
109794,
109795,
109796,
109797,29 millilitre
109798,60 millilitre
109799,
109800,
109801,
109802,
109803,
109804,
109805,
109806,
109807,750 millilitre
109808,11 millilitre
109809,100 gram
109810,207 gram
109811,207 gram
109812,
109813,4 gram
109814,
109815,
109816,
109817,
109818,
109819,
109820,400 pound
109821,176 pound
109822,29.573 millilitre
109823,
109824,1 ton
109825,300 pound
109826,0 watt
109827,
109828,
109829,
109830,
109831,
109832,
109833,44 pound
109834,
109835,62 pound
109836,6 gram
109837,1000 kilogram
109838,1000 kilogram
109839,
109840,12 kilogram
109841,1.1 pound
109842,
109843,19 gram
109844,289 gram
109845,
109846,
109847,
109848,
109849,
109850,
109851,
109852,
109853,
109854,5 volt
109855,
109856,3.0 ton
109857,
109858,10 ton
109859,
109860,
109861,330 pound
109862,330 pound
109863,946 millilitre
109864,
109865,
109866,
109867,
109868,13.6 kilogram
109869,13.6 kilogram
109870,176 gram
109871,176 gram
109872,
109873,
109874,
109875,
109876,
109877,
109878,
109879,20 watt
109880,
109881,
109882,
109883,
109884,
109885,
109886,
109887,
109888,
109889,
109890,
109891,12 volt
109892,
109893,
109894,
109895,
109896,800 gram
109897,
109898,
109899,
109900,
109901,
109902,
109903,
109904,
109905,
109906,
109907,
109908,150 kilogram
109909,150 kilogram
109910,
109911,
109912,
109913,
109914,
109915,
109916,
109917,
109918,0.37 pound
109919,15 pound
109920,15 pound
109921,
109922,
109923,
109924,
109925,
109926,
109927,
109928,
109929,
109930,
109931,
109932,
109933,
109934,200 gram
109935,200 gram
109936,
109937,
109938,
109939,
109940,
109941,
109942,30 millilitre
109943,70 pound
109944,
109945,
109946,
109947,400 pound
109948,
109949,170 gram
109950,170 gram
109951,
109952,
109953,
109954,
109955,10 ton
109956,
109957,
109958,
109959,
109960,
109961,
109962,
109963,
109964,
109965,100 watt
109966,
109967,
109968,
109969,
109970,
109971,
109972,100 kilogram
109973,100 kilogram
109974,3.8 ounce
109975,
109976,
109977,450 pound
109978,450 pound
109979,
109980,15 watt
109981,
109982,1451 ton
109983,3.2 gram
109984,
109985,12 volt
109986,
109987,
109988,3.7 volt
109989,
109990,946 millilitre
109991,12 pound
109992,12 pound
109993,3 gram
109994,3566 gram
109995,
109996,
109997,
109998,
109999,2 gram
110000,45 millilitre
110001,
110002,
110003,230 millilitre
110004,502.8 millilitre
110005,
110006,10 pound
110007,500 gram
110008,23.8 gram
110009,9 ton
110010,300 kilogram
110011,
110012,
110013,750 millilitre
110014,
110015,30 millilitre
110016,
110017,
110018,
110019,
110020,15 pound
110021,
110022,
110023,
110024,3.2 ounce
110025,
110026,2.5 kilogram
110027,
110028,120 watt
110029,35 gram
110030,180 gram
110031,600 pound
110032,
110033,20 watt
110034,500 millilitre
110035,300 pound
110036,300 pound
110037,
110038,
110039,
110040,
110041,
110042,
110043,
110044,
110045,
110046,
110047,20 pound
110048,
110049,4 ton
110050,
110051,
110052,
110053,220 pound
110054,220 pound
110055,1.5 kilogram
110056,
110057,
110058,10 pound
110059,30 millilitre
110060,
110061,
110062,
110063,4 gram
110064,120 millilitre
110065,
110066,
110067,240 millilitre
110068,
110069,
110070,0.25 kilogram
110071,0.25 kilogram
110072,20020 gram
110073,
110074,
110075,10 gram
110076,6 gram
110077,
110078,300 watt
