index,prediction
105076,175 millimetre
105077,100 gram
105078,
105079,3.66 inch
105080,2.04 inch
105081,12 centimetre
105082,18 centimetre
105083,
105084,5.1 inch
105085,8.8 pound
105086,6.29 inch
105087,320 millimetre
105088,116.5 centimetre
105089,116.5 centimetre
105090,116.5 centimetre
105091,560 millimetre
105092,150 centimetre
105093,20 centimetre
105094,20 centimetre
105095,20 centimetre
105096,8.2 centimetre
105097,8.2 centimetre
105098,62 millimetre
105099,62 millimetre
105100,
105101,
105102,18.11 inch
105103,152 centimetre
105104,152 centimetre
105105,2.48 inch
105106,2.48 inch
105107,170 centimetre
105108,170 centimetre
105109,67 inch
105110,60 millimetre
105111,4.5 inch
105112,4.5 inch
105113,1.7 inch
105114,3.9 centimetre
105115,34 centimetre
105116,6.5 centimetre
105117,25 centimetre
105118,20 centimetre
105119,20 centimetre
105120,9 centimetre
105121,5 centimetre
105122,5 centimetre
105123,5 centimetre
105124,
105125,
105126,
105127,
105128,4.7 inch
105129,116 millimetre
105130,116 millimetre
105131,116 millimetre
105132,5 centimetre
105133,20 pound
105134,60 centimetre
105135,
105136,12 inch
105137,9 millimetre
105138,11.5 inch
105139,10 centimetre
105140,0.98 inch
105141,74 centimetre
105142,9.5 centimetre
105143,18.3 centimetre
105144,5.91 inch
105145,
105146,4 inch
105147,
105148,25 centimetre
105149,25 centimetre
105150,25 centimetre
105151,
105152,
105153,
105154,38 millimetre
105155,
105156,10 inch
105157,
105158,
105159,
105160,60 centimetre
105161,
105162,8 centimetre
105163,
105164,150 centimetre
105165,
105166,
105167,6 millimetre
105168,6 millimetre
105169,6 millimetre
105170,30 millimetre
105171,30 millimetre
105172,30 millimetre
105173,140 centimetre
105174,140 centimetre
105175,60 centimetre
105176,60 centimetre
105177,60 centimetre
105178,54 millimetre
105179,
105180,73 centimetre
105181,73 centimetre
105182,8.6 centimetre
105183,35 centimetre
105184,1.2 inch
105185,1.2 inch
105186,1.2 inch
105187,
105188,
105189,37 centimetre
105190,10.83 inch
105191,10.83 inch
105192,30 centimetre
105193,30 centimetre
105194,15 centimetre
105195,17 centimetre
105196,23.7 centimetre
105197,23.7 centimetre
105198,56 centimetre
105199,
105200,30 centimetre
105201,30 centimetre
105202,
105203,
105204,
105205,15 centimetre
105206,8.27 inch
105207,6.3 inch
105208,6.3 inch
105209,1.6 inch
105210,1.6 inch
105211,4.2 centimetre
105212,4.2 centimetre
105213,14.9 centimetre
105214,14.9 centimetre
105215,38 centimetre
105216,38 centimetre
105217,38 centimetre
105218,17 millimetre
105219,17 millimetre
105220,
105221,
105222,8 centimetre
105223,4.3 inch
105224,4.3 inch
105225,35 centimetre
105226,112 millimetre
105227,3 centimetre
105228,3 centimetre
105229,
105230,2.4 metre
105231,2.4 metre
105232,57 millimetre
105233,
105234,70 pound
105235,43 centimetre
105236,20 centimetre
105237,11 centimetre
105238,11 centimetre
105239,7 centimetre
105240,7 centimetre
105241,7 centimetre
105242,14.56 inch
105243,14.56 inch
105244,10 centimetre
105245,12.8 inch
105246,4.5 inch
105247,62 millimetre
105248,62 millimetre
105249,62 millimetre
105250,15.5 centimetre
105251,11.8 inch
105252,
105253,27.4 inch
105254,27.4 inch
105255,2.76 inch
105256,
105257,
105258,8.5 centimetre
105259,8.5 centimetre
105260,3.34 inch
105261,
105262,
105263,
105264,13 centimetre
105265,72 inch
105266,72 inch
105267,5.7 inch
105268,5.7 inch
105269,5.7 inch
105270,60 centimetre
105271,63 millimetre
105272,9.05 inch
105273,9.05 inch
105274,100 centimetre
105275,100 centimetre
105276,
105277,
105278,
105279,3.5 inch
105280,14 inch
105281,9 centimetre
105282,50 centimetre
105283,
105284,4.33 inch
105285,24 centimetre
105286,24 centimetre
105287,40 centimetre
105288,60 centimetre
105289,60 centimetre
105290,5.3 centimetre
105291,
105292,
105293,
105294,53 centimetre
105295,2.9 inch
105296,100 centimetre
105297,100 centimetre
105298,14 centimetre
105299,4.33 inch
105300,9.7 centimetre
105301,
105302,
105303,
105304,78 centimetre
105305,1 metre
105306,1 metre
105307,1 metre
105308,140 millimetre
105309,
105310,250 kilogram
105311,250 kilogram
105312,16 centimetre
105313,150 millimetre
105314,150 millimetre
105315,
105316,
105317,
105318,
105319,162 millimetre
105320,4 inch
105321,4 centimetre
105322,4 centimetre
105323,100 centimetre
105324,26.77 metre
105325,14 centimetre
105326,14 centimetre
105327,4.5 inch
105328,4.5 inch
105329,4.5 inch
105330,1.57 inch
105331,1.57 inch
105332,
105333,
105334,
105335,30 centimetre
105336,42 centimetre
105337,42 centimetre
105338,7 inch
105339,7 inch
105340,
105341,
105342,
105343,25 gram
105344,40.7 centimetre
105345,1.5 inch
105346,
105347,
105348,
105349,
105350,6.2 inch
105351,20 inch
105352,20 inch
105353,20 inch
105354,00 gram
105355,14.5 centimetre
105356,14 centimetre
105357,14 centimetre
105358,3.93 inch
105359,21 centimetre
105360,21 centimetre
105361,
105362,
105363,180 centimetre
105364,180 centimetre
105365,79 centimetre
105366,3 inch
105367,1 inch
105368,43 millimetre
105369,43 millimetre
105370,43 millimetre
105371,
105372,8 inch
105373,8 inch
105374,16.53 inch
105375,32 millimetre
105376,2.2 inch
105377,2.2 inch
105378,
105379,
105380,35 centimetre
105381,35 centimetre
105382,35 centimetre
105383,33 centimetre
105384,7 centimetre
105385,13.2 centimetre
105386,5.3 inch
105387,5.3 inch
105388,5.3 inch
105389,5 centimetre
105390,10 pound
105391,
105392,
105393,
105394,
105395,3.5 inch
105396,3.5 inch
105397,6.3 inch
105398,6.3 inch
105399,21 centimetre
105400,12 volt
105401,
105402,
105403,3 inch
105404,
105405,
105406,
105407,
105408,10 inch
105409,20 millimetre
105410,20 millimetre
105411,500 pound
105412,29 inch
105413,5 millimetre
105414,19.7 inch
105415,50 metre
105416,50 metre
105417,5.1 inch
105418,6 centimetre
105419,6 centimetre
105420,
105421,
105422,
105423,34 centimetre
105424,34 centimetre
105425,6 inch
105426,6 inch
105427,
105428,5.9 inch
105429,50 centimetre
105430,2.67 inch
105431,50 centimetre
105432,50 centimetre
105433,14 centimetre
105434,10.5 centimetre
105435,10.5 centimetre
105436,
105437,1 inch
105438,1 inch
105439,1.4 inch
105440,1.4 inch
105441,8 centimetre
105442,8 centimetre
105443,107 millimetre
105444,10.5 centimetre
105445,36 centimetre
105446,36 centimetre
105447,31 centimetre
105448,31 centimetre
105449,5 centimetre
105450,5 centimetre
105451,5 centimetre
105452,18 centimetre
105453,18 centimetre
105454,6 centimetre
105455,7.1 inch
105456,7.1 inch
105457,
105458,
105459,
105460,
105461,5 centimetre
105462,70 pound
105463,3.9 inch
105464,18.9 centimetre
105465,18.9 centimetre
105466,18.9 centimetre
105467,68 centimetre
105468,68 centimetre
105469,7 centimetre
105470,7 centimetre
105471,13 centimetre
105472,
105473,2 inch
105474,236 millilitre
105475,0.5 inch
105476,
105477,107 centimetre
105478,107 centimetre
105479,107 centimetre
105480,20 inch
105481,20 inch
105482,
105483,32 centimetre
105484,32 centimetre
105485,
105486,
105487,
105488,2.76 inch
105489,2.76 inch
105490,27 centimetre
105491,2 centimetre
105492,2 centimetre
105493,45 centimetre
105494,45 centimetre
105495,45 centimetre
105496,
105497,
105498,2.8 centimetre
105499,2.8 centimetre
105500,4.9 inch
105501,5 centimetre
105502,5 centimetre
105503,115 centimetre
105504,10 millilitre
105505,5.1 inch
105506,
105507,3.35 inch
105508,3.35 inch
105509,
105510,
105511,28 centimetre
105512,
105513,60 centimetre
105514,60 centimetre
105515,70 millimetre
105516,150 millimetre
105517,150 millimetre
105518,150 millimetre
105519,
105520,
105521,
105522,2 metre
105523,2 metre
105524,0.79 inch
105525,1.6 inch
105526,1.6 inch
105527,
105528,20 kilogram
105529,20 kilogram
105530,30 centimetre
105531,30 centimetre
105532,11.6 inch
105533,
105534,30 centimetre
105535,30 centimetre
105536,30 centimetre
105537,
105538,3 centimetre
105539,3 centimetre
105540,3 centimetre
105541,
105542,8.2 centimetre
105543,24 inch
105544,24 inch
105545,24 inch
105546,8 inch
105547,30 centimetre
105548,30 centimetre
105549,1.18 inch
105550,
105551,5 centimetre
105552,5 centimetre
105553,4.76 inch
105554,4.76 inch
105555,
105556,
105557,70 centimetre
105558,9.5 centimetre
105559,9.5 centimetre
105560,9.5 centimetre
105561,9.5 centimetre
105562,23.8 gram
105563,265 millimetre
105564,20 centimetre
105565,20 centimetre
105566,80 centimetre
105567,80 centimetre
105568,
105569,13 centimetre
105570,35 centimetre
105571,35 centimetre
105572,29 centimetre
105573,
105574,14 inch
105575,14 inch
105576,100 centimetre
105577,7.07 inch
105578,7.07 inch
105579,60 centimetre
105580,2 millimetre
105581,5 centimetre
105582,7 centimetre
105583,7 centimetre
105584,5.1 inch
105585,
105586,
105587,16 centimetre
105588,16 centimetre
105589,80 metre
105590,80 metre
105591,1.45 inch
105592,
105593,
105594,1000 watt
105595,
105596,
105597,
105598,39 centimetre
105599,11.1 inch
105600,11.1 inch
105601,120 centimetre
105602,120 centimetre
105603,30 centimetre
105604,1.5 centimetre
105605,1.5 centimetre
105606,6 centimetre
105607,
105608,240 metre
105609,2.6 inch
105610,5 inch
105611,5 inch
105612,10.23 inch
105613,7.9 inch
105614,7.5 metre
105615,7.5 metre
105616,6.8 inch
105617,13 centimetre
105618,9.5 centimetre
105619,9.5 centimetre
105620,9.5 centimetre
105621,25 centimetre
105622,
105623,
105624,2.3 centimetre
105625,5.5 centimetre
105626,430 millimetre
105627,54 inch
105628,54 inch
105629,9.43 inch
105630,4.9 inch
105631,
105632,
105633,
105634,2.85 inch
105635,17 centimetre
105636,500 metre
105637,46.5 centimetre
105638,90 centimetre
105639,4.5 centimetre
105640,4.5 centimetre
105641,
105642,
105643,
105644,
105645,
105646,34 inch
105647,
105648,
105649,8.25 inch
105650,8.25 inch
105651,21 centimetre
105652,2.6 inch
105653,7.87 inch
105654,38 inch
105655,38 inch
105656,38 inch
105657,
105658,
105659,
105660,
105661,
105662,5.5 inch
105663,5.5 inch
105664,
105665,
105666,12 metre
105667,12 centimetre
105668,12 centimetre
105669,12 centimetre
105670,1 inch
105671,2.0 inch
105672,2.0 inch
105673,
105674,16 centimetre
105675,
105676,
105677,40 centimetre
105678,10.4 centimetre
105679,10.4 centimetre
105680,195 centimetre
105681,3.9 inch
105682,3.9 inch
105683,4.5 inch
105684,4.5 inch
105685,1.0 inch
105686,450 metre
105687,17 centimetre
105688,9 inch
105689,9 inch
105690,
105691,
105692,
105693,23.62 inch
105694,04 inch
105695,04 inch
105696,23.62 inch
105697,5.8 inch
105698,800 millimetre
105699,800 millimetre
105700,12 centimetre
105701,12 centimetre
105702,12 centimetre
105703,160 centimetre
105704,160 centimetre
105705,7.1 centimetre
105706,3.4 inch
105707,3.4 inch
105708,40 centimetre
105709,14 centimetre
105710,
105711,35 centimetre
105712,35 centimetre
105713,6 centimetre
105714,1 metre
105715,1 metre
105716,1 metre
105717,74 centimetre
105718,20 centimetre
105719,7.5 inch
105720,7.5 inch
105721,1.77 inch
105722,15 inch
105723,15 inch
105724,15 inch
105725,17 centimetre
105726,17 centimetre
105727,
105728,30.5 centimetre
105729,30.5 centimetre
105730,30.5 centimetre
105731,
105732,16 centimetre
105733,7 centimetre
105734,7 centimetre
105735,93 metre
105736,3.25 inch
105737,3.25 inch
105738,3.25 inch
105739,
105740,
105741,20 millimetre
105742,
105743,700 watt
105744,
105745,21 centimetre
105746,21 centimetre
105747,22 centimetre
105748,37.5 centimetre
105749,
105750,
105751,
105752,
105753,
105754,
105755,
105756,
105757,3.2 centimetre
105758,3.2 centimetre
105759,65 inch
105760,12 inch
105761,12 inch
105762,23 centimetre
105763,23 centimetre
105764,5.89 inch
105765,5.89 inch
105766,70 millimetre
105767,74 inch
105768,3.5 inch
105769,3.5 inch
105770,250 kilogram
105771,250 kilogram
105772,98 centimetre
105773,5 inch
105774,5 inch
105775,
105776,
105777,12 centimetre
105778,12 centimetre
105779,14 centimetre
105780,14 centimetre
105781,0.67 inch
105782,22 inch
105783,22 inch
105784,
105785,25 centimetre
105786,10.26 inch
105787,37.8 centimetre
105788,
105789,19.4 centimetre
105790,19.4 centimetre
105791,90 centimetre
105792,90 centimetre
105793,47 centimetre
105794,47 centimetre
105795,9.5 centimetre
105796,
105797,
105798,5.8 centimetre
105799,11 centimetre
105800,11 centimetre
105801,24 centimetre
105802,
105803,
105804,0.98 inch
105805,24 centimetre
105806,7.1 inch
105807,
105808,35 centimetre
105809,1.7 centimetre
105810,
105811,12 centimetre
105812,12 centimetre
105813,13.3 centimetre
105814,3 centimetre
105815,37.5 centimetre
105816,15.7 inch
105817,15.7 inch
105818,46.5 centimetre
105819,6 centimetre
105820,6 centimetre
105821,110.5 centimetre
105822,28 centimetre
105823,28 centimetre
105824,75 centimetre
105825,
105826,
105827,
105828,5 centimetre
105829,11 inch
105830,11 inch
105831,22 millimetre
105832,22 millimetre
105833,
105834,16 centimetre
105835,6.89 inch
105836,6.89 inch
105837,3.9 inch
105838,47 inch
105839,47 inch
105840,9.1 inch
105841,9.1 inch
105842,27.5 centimetre
105843,27.5 centimetre
105844,90 centimetre
105845,90 centimetre
105846,1.8 inch
105847,1.8 inch
105848,2 inch
105849,2 inch
105850,2 inch
105851,41 millimetre
105852,41 millimetre
105853,7.8 inch
105854,7.8 inch
105855,
105856,16.92 inch
105857,16.92 inch
105858,
105859,
105860,22.5 centimetre
105861,
105862,33 centimetre
105863,0.5 inch
105864,20 centimetre
105865,20 centimetre
105866,25.4 centimetre
105867,25.4 centimetre
105868,39 inch
105869,80 centimetre
105870,1.3 centimetre
105871,
105872,950 watt
105873,6.7 centimetre
105874,6.7 centimetre
105875,18.5 centimetre
105876,5.1 inch
105877,32.5 centimetre
105878,32.5 centimetre
105879,8.5 inch
105880,
105881,2.5 inch
105882,2.5 inch
105883,40 centimetre
105884,40 centimetre
105885,8 inch
105886,8 inch
105887,2 centimetre
105888,
105889,
105890,14 millimetre
105891,14 millimetre
105892,120 centimetre
105893,26 centimetre
105894,26 centimetre
105895,78 millimetre
105896,78 millimetre
105897,5.12 inch
105898,5.12 inch
105899,78 centimetre
105900,40 centimetre
105901,9 centimetre
105902,9 centimetre
105903,
105904,
105905,
105906,
105907,
105908,46 millimetre
105909,
105910,16 centimetre
105911,1.06 inch
105912,1.06 inch
105913,12.7 centimetre
105914,12.7 centimetre
105915,
105916,15.6 inch
105917,4.1 centimetre
105918,4.1 centimetre
105919,576.5 millimetre
105920,7 inch
105921,
105922,25.4 centimetre
105923,76 centimetre
105924,3.5 inch
105925,3.5 inch
105926,40 centimetre
105927,40 centimetre
105928,
105929,
105930,30 centimetre
105931,
105932,
105933,4.3 centimetre
105934,
105935,9 centimetre
105936,22 centimetre
105937,22 centimetre
105938,22 centimetre
105939,14 centimetre
105940,
105941,
105942,
105943,
105944,
105945,
105946,
105947,
105948,
105949,5.4 inch
105950,7.47 inch
105951,7.47 inch
105952,70 pound
105953,810 gram
105954,5.1 inch
105955,9.84 inch
105956,65 watt
105957,
105958,6.2 inch
105959,6.2 inch
105960,86 millimetre
105961,86 millimetre
105962,
105963,
105964,
105965,4 inch
105966,4 inch
105967,9.875 inch
105968,9.875 inch
105969,
105970,
105971,
105972,26 centimetre
105973,26 centimetre
105974,
105975,
105976,140 centimetre
105977,140 centimetre
105978,140 centimetre
105979,3.8 inch
105980,
105981,3.7 inch
105982,
105983,
105984,
105985,225 centimetre
105986,225 centimetre
105987,40 millimetre
105988,40 millimetre
105989,250 millilitre
105990,4 centimetre
105991,2 centimetre
105992,
105993,5 centimetre
105994,5 centimetre
105995,7 centimetre
105996,5.3 centimetre
105997,5.3 centimetre
105998,
105999,2 inch
106000,2 inch
106001,15 centimetre
106002,15 centimetre
106003,15 centimetre
106004,3.9 inch
106005,3.9 inch
106006,9.5 centimetre
106007,
106008,
106009,
106010,
106011,
106012,
106013,15.0 centimetre
106014,15.0 centimetre
106015,0.6 centimetre
106016,
106017,
106018,4.3 centimetre
106019,
106020,
106021,3 inch
106022,3 inch
106023,13.78 inch
106024,
106025,
106026,
106027,10 inch
106028,10 inch
106029,31.5 inch
106030,31.5 inch
106031,
106032,
106033,
106034,300 millimetre
106035,
106036,6.2 inch
106037,6.2 inch
106038,
106039,9 centimetre
106040,2 metre
106041,2 metre
106042,2 metre
106043,
106044,
106045,420 millimetre
106046,18 centimetre
106047,18 centimetre
106048,11 centimetre
106049,
106050,
106051,21 centimetre
106052,
106053,
106054,
106055,0.15 inch
106056,11.5 centimetre
106057,11.5 centimetre
106058,7 centimetre
106059,1.18 inch
106060,10 centimetre
106061,10 centimetre
106062,60 centimetre
106063,60 centimetre
106064,3.7 inch
106065,25.3 centimetre
106066,2.76 inch
106067,62.0 metre
106068,62.0 metre
106069,62.0 metre
106070,5 centimetre
106071,5 centimetre
106072,400 pound
106073,5.12 inch
106074,5.12 inch
106075,3 centimetre
106076,3 centimetre
106077,29 centimetre
106078,5 centimetre
106079,
106080,43 centimetre
106081,43 centimetre
106082,43 centimetre
106083,8 centimetre
106084,8 centimetre
106085,8 centimetre
106086,17 centimetre
106087,17 centimetre
106088,100 centimetre
106089,100 centimetre
106090,1 inch
106091,1 inch
106092,1 inch
106093,6.5 centimetre
106094,4 centimetre
106095,15 inch
106096,15 inch
106097,
106098,155 millimetre
106099,
106100,1 inch
106101,1 inch
106102,20 centimetre
106103,20 centimetre
106104,20 centimetre
106105,3.1 inch
106106,7.5 centimetre
106107,26 centimetre
106108,34 metre
106109,34 metre
106110,5.5 inch
106111,5.5 inch
106112,
106113,22 millimetre
106114,
106115,473 millilitre
106116,
106117,43 centimetre
106118,43 centimetre
106119,35 millimetre
106120,35 millimetre
106121,8.7 centimetre
106122,13 centimetre
106123,13 centimetre
106124,105 millimetre
106125,100 watt
106126,
106127,500 millimetre
106128,5.0 inch
106129,6.7 inch
106130,6.7 inch
106131,
106132,10.8 centimetre
106133,25 centimetre
106134,91 centimetre
106135,5 centimetre
106136,5 centimetre
106137,7 centimetre
106138,7 centimetre
106139,7 centimetre
106140,
106141,
106142,
106143,
106144,104 centimetre
106145,9 inch
106146,37 centimetre
106147,37 centimetre
106148,37 centimetre
106149,29 centimetre
106150,
106151,27 centimetre
106152,
106153,40.5 centimetre
106154,16 centimetre
106155,16 centimetre
106156,21.6 centimetre
106157,24 centimetre
106158,24 centimetre
106159,24 centimetre
106160,
106161,26 centimetre
106162,4.5 centimetre
106163,32 ounce
106164,8.9 inch
106165,31 centimetre
106166,31 centimetre
106167,
106168,12.2 inch
106169,12.2 inch
106170,887 millilitre
106171,
106172,152 centimetre
106173,33 inch
106174,23875 centimetre
106175,23875 centimetre
106176,38 centimetre
106177,
106178,13 millimetre
106179,8 centimetre
106180,
106181,
106182,
106183,5 centimetre
106184,5 centimetre
106185,5 centimetre
106186,4.72 inch
106187,11 centimetre
106188,11 centimetre
106189,16 centimetre
106190,
106191,6.6 inch
106192,6.6 inch
106193,6.6 inch
106194,180 millimetre
106195,
106196,
106197,
106198,4 metre
106199,4 metre
106200,20 inch
106201,28 millimetre
106202,28 millimetre
106203,28 millimetre
106204,1 centimetre
106205,1 centimetre
106206,1 centimetre
106207,5 inch
106208,3 centimetre
106209,28 centimetre
106210,85 centimetre
106211,24 centimetre
106212,2.2 centimetre
106213,21.8 centimetre
106214,21.8 centimetre
106215,61 centimetre
106216,97 centimetre
106217,97 centimetre
106218,97 centimetre
106219,
106220,12 millimetre
106221,12 millimetre
106222,40 millimetre
106223,40 millimetre
106224,18 centimetre
106225,18 centimetre
106226,18 centimetre
106227,4.7 inch
106228,4.7 inch
106229,4.7 inch
106230,14 inch
106231,14 inch
106232,1.8 inch
106233,1.8 inch
106234,
106235,
106236,16 millimetre
106237,16 millimetre
106238,
106239,
106240,
106241,46 centimetre
106242,46 centimetre
106243,
106244,18 inch
106245,18 inch
106246,18 inch
106247,5.7 inch
106248,
106249,2.9 centimetre
106250,2.9 centimetre
106251,
106252,38 centimetre
106253,8.5 inch
106254,3.3 millimetre
106255,3.3 millimetre
106256,3.3 millimetre
106257,28.3 inch
106258,28.3 inch
106259,28.3 inch
106260,80 centimetre
106261,80 centimetre
106262,
106263,127 metre
106264,127 metre
106265,127 metre
106266,2 centimetre
106267,6 inch
106268,
106269,
106270,
106271,11.5 centimetre
106272,75.6 centimetre
106273,75.6 centimetre
106274,75.6 centimetre
106275,110 metre
106276,65 centimetre
106277,
106278,
106279,
106280,10 centimetre
106281,
106282,
106283,
106284,150 centimetre
106285,200 millimetre
106286,5.1 inch
106287,70 centimetre
106288,70 centimetre
106289,70 centimetre
106290,7 centimetre
106291,7 centimetre
106292,2.5 inch
106293,2.5 inch
106294,7 centimetre
106295,7 centimetre
106296,12.3 inch
106297,12.3 inch
106298,12.3 inch
106299,33 centimetre
106300,33 centimetre
106301,33 centimetre
106302,
106303,
106304,1.37 inch
106305,1.37 inch
106306,1.37 inch
106307,45 centimetre
106308,45 centimetre
106309,45 centimetre
106310,
106311,
106312,
106313,
106314,
106315,
106316,
106317,11 centimetre
106318,
106319,
106320,24 centimetre
106321,4.5 inch
106322,
106323,16.9 inch
106324,
106325,180 millimetre
106326,
106327,
106328,
106329,
106330,
106331,
106332,
106333,
106334,9.8 inch
106335,9.8 inch
106336,
106337,
106338,
106339,
106340,
106341,2.7 ton
106342,24 centimetre
106343,3.2 inch
106344,13.5 centimetre
106345,13.5 centimetre
106346,36 centimetre
106347,4.3 inch
106348,4.3 inch
106349,4.3 inch
106350,105 gram
106351,20 inch
106352,20 inch
106353,
106354,
106355,
106356,36 inch
106357,36 inch
106358,106 centimetre
106359,106 centimetre
106360,12 centimetre
106361,12 centimetre
106362,
106363,
106364,
106365,
106366,
106367,
106368,
106369,
106370,2.3 inch
106371,2.3 inch
106372,
106373,160 millimetre
106374,
106375,
106376,
106377,219 millimetre
106378,219 millimetre
106379,
106380,
106381,215 millimetre
106382,
106383,
106384,15 inch
106385,38 centimetre
106386,12 millimetre
106387,
106388,
106389,0 inch
106390,0 inch
106391,1.57 inch
106392,1.57 inch
106393,1.57 inch
106394,220 centimetre
106395,140 centimetre
106396,140 centimetre
106397,
106398,39.37 inch
106399,39.37 inch
106400,
106401,
106402,
106403,71 inch
106404,4 gram
106405,22 centimetre
106406,22 centimetre
106407,11 centimetre
106408,11 centimetre
106409,40.5 centimetre
106410,
106411,80 metre
106412,
106413,76 millimetre
106414,76 millimetre
106415,1.57 inch
106416,13 centimetre
106417,10.2 centimetre
106418,27.5 inch
106419,27.5 inch
106420,27.5 inch
106421,2.5 inch
106422,115 millimetre
106423,9 centimetre
106424,40 centimetre
106425,40 centimetre
106426,40 centimetre
106427,2.6 inch
106428,2.6 inch
106429,250 millilitre
106430,70 centimetre
106431,
106432,
106433,11.6 centimetre
106434,
106435,65 centimetre
106436,65 centimetre
106437,65 centimetre
106438,8 centimetre
106439,8 centimetre
106440,0.5 centimetre
106441,2 inch
106442,2 inch
106443,2 inch
106444,20.6 gram
106445,7.07 inch
106446,7.07 inch
106447,
106448,4 inch
106449,3.5 centimetre
106450,
106451,
106452,12.5 millimetre
106453,
106454,
106455,
106456,
106457,
106458,
106459,3.93 inch
106460,15.3 centimetre
106461,
106462,
106463,42 centimetre
106464,42 centimetre
106465,4 foot
106466,
106467,
106468,
106469,44.1 centimetre
106470,44.1 centimetre
106471,26 centimetre
106472,26 centimetre
106473,26 centimetre
106474,36 inch
106475,36 inch
106476,40 inch
106477,16 centimetre
106478,
106479,
106480,6 inch
106481,6 inch
106482,6 inch
106483,2.36 inch
106484,2.36 inch
106485,6.5 centimetre
106486,6.5 centimetre
106487,6.5 centimetre
106488,8 centimetre
106489,8 centimetre
106490,9 centimetre
106491,
106492,
106493,90 centimetre
106494,26 centimetre
106495,26 centimetre
106496,26 centimetre
106497,17.7 inch
106498,28 centimetre
106499,28 centimetre
106500,20 centimetre
106501,75 centimetre
106502,7.9 inch
106503,7.9 inch
106504,7.9 inch
106505,230 centimetre
106506,
106507,48 millimetre
106508,5 centimetre
106509,
106510,30 centimetre
106511,30 centimetre
106512,1.38 inch
106513,60 centimetre
106514,60 centimetre
106515,60 centimetre
106516,18 centimetre
106517,2.5 metre
106518,4.3 inch
106519,4.3 inch
106520,4.3 inch
106521,5.1 inch
106522,
106523,9 inch
106524,9 inch
106525,50 centimetre
106526,
106527,
106528,6 centimetre
106529,37 centimetre
106530,37 centimetre
106531,41 centimetre
106532,60 centimetre
106533,33 centimetre
106534,6.3 inch
106535,6.3 inch
106536,34 centimetre
106537,80 millimetre
106538,53 centimetre
106539,5 metre
106540,37 centimetre
106541,40 centimetre
106542,181.8 centimetre
106543,14 centimetre
106544,
106545,
106546,84 centimetre
106547,84 centimetre
106548,84 centimetre
106549,
106550,
106551,
106552,
106553,
106554,54 millimetre
106555,174 centimetre
106556,4.5 centimetre
106557,
106558,
106559,
106560,20 inch
106561,20 inch
106562,20 inch
106563,73 metre
106564,73 metre
106565,73 metre
106566,22 millimetre
106567,22 millimetre
106568,22 millimetre
106569,23 centimetre
106570,23 centimetre
106571,3.8 centimetre
106572,
106573,9.20 inch
106574,9.20 inch
106575,9.20 inch
106576,
106577,
106578,90 centimetre
106579,56.7 gram
106580,40 centimetre
106581,40 centimetre
106582,123 centimetre
106583,123 centimetre
106584,79 inch
106585,55 millimetre
106586,55 millimetre
106587,7.2 inch
106588,49 millimetre
106589,49 millimetre
106590,
106591,
106592,5.32 inch
106593,4 gram
106594,18.03 centimetre
106595,10 inch
106596,7 foot
106597,7 foot
106598,7 foot
106599,5 millilitre
106600,440 pound
106601,440 pound
106602,7.87 inch
106603,20 centimetre
106604,20 centimetre
106605,20 centimetre
106606,41 centimetre
106607,41 centimetre
106608,41 centimetre
106609,2.3 inch
106610,
106611,30 centimetre
106612,30 centimetre
106613,14 centimetre
106614,14 centimetre
106615,
106616,15.5 centimetre
106617,5.5 inch
106618,5.5 inch
106619,5.5 inch
106620,29.5 inch
106621,29.5 inch
106622,
106623,14 centimetre
106624,
106625,87 centimetre
106626,1.89 inch
106627,1.89 inch
106628,87 inch
106629,87 inch
106630,
106631,10.5 centimetre
106632,10.5 centimetre
106633,10.5 centimetre
106634,21.5 centimetre
106635,21.5 centimetre
106636,
106637,5.9 inch
106638,5.9 inch
106639,473 millilitre
106640,6.5 centimetre
106641,6.5 centimetre
106642,195 millimetre
106643,195 millimetre
106644,20 inch
106645,18 inch
106646,18 inch
106647,
106648,
106649,30 watt
106650,4 centimetre
106651,4 centimetre
106652,5 centimetre
106653,
106654,90 inch
106655,90 inch
106656,50 centimetre
106657,
106658,
106659,
106660,12 inch
106661,12 inch
106662,20.4 inch
106663,95 millimetre
106664,
106665,20 centimetre
106666,10.8 centimetre
106667,10.8 centimetre
106668,33.8 inch
106669,33.8 inch
106670,18 inch
106671,18 inch
106672,18 inch
106673,21 centimetre
106674,21 centimetre
106675,0.2 inch
106676,0.2 inch
106677,17 inch
106678,17 inch
106679,16 centimetre
106680,4.9 inch
106681,4.9 inch
106682,3.34 foot
106683,3.34 foot
106684,3.34 foot
106685,3.7 centimetre
106686,54 millimetre
106687,54 millimetre
106688,
106689,
106690,23 centimetre
106691,23 centimetre
106692,30 inch
106693,30 inch
106694,12 inch
106695,12 inch
106696,65 millimetre
106697,65 millimetre
106698,
106699,
106700,198 gram
106701,12 centimetre
106702,
106703,3.5 inch
106704,3.5 inch
106705,4.5 centimetre
106706,4.5 centimetre
106707,4.5 centimetre
106708,100 kilogram
106709,100 kilogram
106710,15 metre
106711,15 metre
106712,98 metre
106713,1.99 inch
106714,4.5 inch
106715,1.1 centimetre
106716,1.1 centimetre
106717,43 centimetre
106718,14 inch
106719,14 inch
106720,90 centimetre
106721,
106722,8 inch
106723,8 inch
106724,9.1 inch
106725,
106726,82 centimetre
106727,38 centimetre
106728,42 centimetre
106729,42 centimetre
106730,4.9 centimetre
106731,4.9 centimetre
106732,5.83 inch
106733,5.11 inch
106734,
106735,
106736,
106737,42 centimetre
106738,14 inch
106739,2 metre
106740,
106741,30 centimetre
106742,30 centimetre
106743,7.0 inch
106744,7.0 inch
106745,
106746,63 centimetre
106747,32 centimetre
106748,12 inch
106749,6.2 inch
106750,
106751,
106752,5.12 inch
106753,
106754,12.2 inch
106755,12.2 inch
106756,11.5 centimetre
106757,11.5 centimetre
106758,15.5 millimetre
106759,17.8 centimetre
106760,17.8 centimetre
106761,17.8 centimetre
106762,9 centimetre
106763,9 centimetre
106764,12.6 inch
106765,43 centimetre
106766,30 centimetre
106767,30 centimetre
106768,17 inch
106769,17 inch
106770,178 millimetre
106771,40 centimetre
106772,
106773,7.3 centimetre
106774,7.3 centimetre
106775,80 centimetre
106776,80 centimetre
106777,
106778,
106779,217 millimetre
106780,33 centimetre
106781,33 centimetre
106782,4.5 inch
106783,4.5 inch
106784,21 centimetre
106785,5.1 inch
106786,
106787,
106788,
106789,
106790,
106791,47 metre
106792,47 metre
106793,
106794,
106795,
106796,1.77 inch
106797,1.77 inch
106798,80 centimetre
106799,69 centimetre
106800,
106801,
106802,53 centimetre
106803,3 centimetre
106804,3 centimetre
106805,120 volt
106806,
106807,28 centimetre
106808,34 inch
106809,34 inch
106810,
106811,
106812,0.26 metre
106813,0.26 metre
106814,7.5 centimetre
106815,
106816,
106817,5 centimetre
106818,19 centimetre
106819,19 centimetre
106820,19 centimetre
106821,0.8 inch
106822,70 millimetre
106823,
106824,
106825,5 centimetre
106826,45 millimetre
106827,29 centimetre
106828,29 centimetre
106829,14 centimetre
106830,1 ounce
106831,
106832,
106833,35 centimetre
106834,2.5 inch
106835,2.5 inch
106836,5 centimetre
106837,
106838,
106839,2.27 kilogram
106840,16.0 centimetre
106841,
106842,
106843,24.5 centimetre
106844,24.5 centimetre
106845,11.9 centimetre
106846,
106847,
106848,
106849,
106850,4 foot
106851,4 foot
106852,
106853,
106854,1.69 inch
106855,1.69 inch
106856,
106857,
106858,
106859,28 centimetre
106860,13 centimetre
106861,13 centimetre
106862,65 centimetre
106863,4.7 inch
106864,4.7 inch
106865,
106866,10 centimetre
106867,10 centimetre
106868,2 ton
106869,
106870,
106871,
106872,
106873,
106874,4.1 inch
106875,4.1 inch
106876,1.6 inch
106877,1.6 inch
106878,10.6 inch
106879,10.6 inch
106880,
106881,00 metre
106882,7 inch
106883,7 inch
106884,13 centimetre
106885,13 centimetre
106886,6.2 inch
106887,6.2 inch
106888,9.5 centimetre
106889,6.4 centimetre
106890,6.4 centimetre
106891,8 inch
106892,8 inch
106893,
106894,2.42 kilogram
106895,2.42 kilogram
106896,90 centimetre
106897,17.7 centimetre
106898,17.7 centimetre
106899,17.7 centimetre
106900,
106901,
106902,19 centimetre
106903,
106904,2 centimetre
106905,
106906,
106907,5.9 inch
106908,5.9 inch
106909,41 centimetre
106910,72 inch
106911,72 inch
106912,43 centimetre
106913,43 centimetre
106914,43 centimetre
106915,23 centimetre
106916,
106917,24 inch
106918,61 centimetre
106919,10.62 inch
106920,10.62 inch
106921,10.62 inch
106922,7.87 inch
106923,40 inch
106924,
106925,
106926,15 centimetre
106927,44 centimetre
106928,44 centimetre
106929,17.7 inch
106930,10.00 inch
106931,10.00 inch
106932,5.5 centimetre
106933,5.5 centimetre
106934,5.5 centimetre
106935,2.5 centimetre
106936,100 centimetre
106937,150 centimetre
106938,150 centimetre
106939,10 centimetre
106940,18 centimetre
106941,18 centimetre
106942,18 centimetre
106943,
106944,
106945,
106946,
106947,9 centimetre
106948,9 centimetre
106949,
106950,
106951,100 millilitre
106952,9.8 centimetre
106953,9.8 centimetre
106954,
106955,16.5 centimetre
106956,16.5 centimetre
106957,59 millimetre
106958,59 millimetre
106959,
106960,
106961,5.51 inch
106962,5.51 inch
106963,
106964,
106965,5.7 inch
106966,5.7 inch
106967,8 inch
106968,8 inch
106969,34 centimetre
106970,12 centimetre
106971,5.5 centimetre
106972,
106973,1.77 inch
106974,1.77 inch
106975,
106976,5.3 inch
106977,5.3 inch
106978,180 centimetre
106979,
106980,11.5 inch
106981,11.5 inch
106982,11.5 inch
106983,
106984,18 centimetre
106985,
106986,
106987,
106988,28 centimetre
106989,8.1 centimetre
106990,10 centimetre
106991,27 centimetre
106992,3 inch
106993,3 inch
106994,3 inch
106995,13 centimetre
106996,13 inch
106997,13 inch
106998,4.92 inch
106999,4.92 inch
107000,4.92 inch
107001,10 metre
107002,10 metre
107003,10 metre
107004,26 centimetre
107005,38.1 millimetre
107006,38.1 millimetre
107007,50 millimetre
107008,50 millimetre
107009,7 centimetre
107010,7 centimetre
107011,7 centimetre
107012,32 centimetre
107013,32 centimetre
107014,
107015,501 millimetre
107016,
107017,9.3 inch
107018,90 centimetre
107019,
107020,9 centimetre
107021,
107022,
107023,5 foot
107024,
107025,20 centimetre
107026,20 centimetre
107027,16 centimetre
107028,6 inch
107029,6 inch
107030,190 gram
107031,25 centimetre
107032,25 centimetre
107033,8 centimetre
107034,27 millimetre
107035,27 millimetre
107036,
107037,44 centimetre
107038,17 centimetre
107039,1.97 inch
107040,1.97 inch
107041,1.97 inch
107042,
107043,1.5 inch
107044,
107045,0.19 pound
107046,4 inch
107047,
107048,
107049,
107050,
107051,25.2 inch
107052,25.2 inch
107053,140 centimetre
107054,230 centimetre
107055,
107056,40 centimetre
107057,266.4 millimetre
107058,266.4 millimetre
107059,
107060,
107061,140 centimetre
107062,140 centimetre
107063,140 centimetre
107064,18 ounce
107065,25 millimetre
107066,0.12 inch
107067,
107068,
107069,
107070,
107071,65 inch
107072,65 inch
107073,200 centimetre
107074,30 centimetre
107075,5.5 inch
107076,5.5 inch
107077,16 gram
107078,12.5 inch
107079,13.5 centimetre
107080,13.5 centimetre
107081,
107082,
107083,35 centimetre
107084,6 centimetre
107085,
107086,
107087,
107088,45 millimetre
107089,4.5 inch
107090,4.5 inch
107091,67 inch
107092,67 inch
107093,
107094,
107095,36 millimetre
107096,100 centimetre
107097,10.7 inch
107098,90 millimetre
107099,67 inch
107100,68 millimetre
107101,21 centimetre
107102,21 centimetre
107103,
107104,42 centimetre
107105,42 centimetre
107106,180 centimetre
107107,180 centimetre
107108,
107109,31.5 centimetre
107110,31.5 centimetre
107111,31.5 centimetre
107112,26 millimetre
107113,7 gram
107114,4 inch
107115,200 centimetre
107116,
107117,
107118,120 centimetre
107119,120 centimetre
107120,5 centimetre
107121,5 centimetre
107122,3.4 gram
107123,
107124,
107125,15 centimetre
107126,40 centimetre
107127,
107128,3 centimetre
107129,3 centimetre
107130,
107131,37.2 centimetre
107132,37.8 centimetre
107133,37.8 centimetre
107134,37.8 centimetre
107135,100 millimetre
107136,3 centimetre
107137,3 centimetre
107138,102 centimetre
107139,3.14 inch
107140,3.14 inch
107141,31 centimetre
107142,
107143,7.5 millilitre
107144,2.48 inch
107145,50 centimetre
107146,5 centimetre
107147,7.47 inch
107148,64 millimetre
107149,64 millimetre
107150,64 millimetre
107151,31.2 centimetre
107152,60 metre
107153,7 inch
107154,
107155,
107156,9 inch
107157,9 inch
107158,46 centimetre
107159,2.7 metre
107160,2.7 metre
107161,7 centimetre
107162,7 centimetre
107163,7 centimetre
107164,50.4 inch
107165,50.4 inch
107166,
107167,
107168,
107169,9.8 centimetre
107170,9.8 centimetre
107171,9.8 centimetre
107172,20 centimetre
107173,80 centimetre
107174,9 inch
107175,9 inch
107176,9 inch
107177,
107178,
107179,21 centimetre
107180,9.0 inch
107181,9.0 inch
107182,34 centimetre
107183,34 centimetre
107184,13 centimetre
107185,240 centimetre
107186,
107187,
107188,
107189,0.99 inch
107190,0.99 inch
107191,12 inch
107192,738 ton
107193,11 centimetre
107194,11 centimetre
107195,11 centimetre
107196,19 millimetre
107197,10 millimetre
107198,10 millimetre
107199,15 centimetre
107200,15 centimetre
107201,15 centimetre
107202,17 inch
107203,20.6 gram
107204,7.86 inch
107205,7.86 inch
107206,36.2 inch
107207,36.2 inch
107208,9.5 inch
107209,9.5 inch
107210,33 centimetre
107211,6.6 foot
107212,
107213,7 centimetre
107214,7 centimetre
107215,86 centimetre
107216,11 inch
107217,11 inch
107218,
107219,60 inch
107220,60 inch
107221,60 millimetre
107222,60 millimetre
107223,48 inch
107224,48 inch
107225,48 inch
107226,395 metre
107227,27.5 centimetre
107228,
107229,
107230,
107231,16.5 inch
107232,3 inch
107233,1.38 inch
107234,8 inch
107235,8 inch
107236,29 centimetre
107237,12.7 millimetre
107238,
107239,100 centimetre
107240,100 centimetre
107241,27 centimetre
107242,
107243,
107244,
107245,8 centimetre
107246,15 centimetre
107247,15 centimetre
107248,40 centimetre
107249,40 centimetre
107250,3.1 inch
107251,
107252,
107253,14 centimetre
107254,14 centimetre
107255,14 centimetre
107256,11.1 centimetre
107257,
107258,0.4 inch
107259,2.17 inch
107260,180 centimetre
107261,180 centimetre
107262,
107263,
107264,10 inch
107265,10 inch
107266,10 inch
107267,30.5 centimetre
107268,13 centimetre
107269,12 millimetre
107270,12 millimetre
107271,12 millimetre
107272,2.7 inch
107273,2.7 inch
107274,7.4 inch
107275,5.5 inch
107276,5.5 inch
107277,85 centimetre
107278,85 centimetre
107279,
107280,19 centimetre
107281,19 centimetre
107282,19 centimetre
107283,40 centimetre
107284,40 centimetre
107285,40 centimetre
107286,215 millimetre
107287,215 millimetre
107288,215 millimetre
107289,
107290,
107291,6.3 centimetre
107292,
107293,22 millimetre
107294,20 centimetre
107295,135 centimetre
107296,135 centimetre
107297,5.31 inch
107298,
107299,
107300,
107301,1.18 inch
107302,1.18 inch
107303,4.3 inch
107304,20 centimetre
107305,20 centimetre
107306,42 millimetre
107307,60 millimetre
107308,60 millimetre
107309,
107310,12.5 centimetre
107311,12.5 centimetre
107312,
107313,20 centimetre
107314,39 centimetre
107315,10 centimetre
107316,10 centimetre
107317,10 centimetre
107318,
107319,
107320,25 centimetre
107321,12.7 centimetre
107322,11 centimetre
107323,
107324,102 centimetre
107325,102 centimetre
107326,
107327,5 inch
107328,2.75 inch
107329,118 millilitre
107330,
107331,67 inch
107332,
107333,
107334,2.3 centimetre
107335,2.3 centimetre
107336,29 centimetre
107337,25 inch
107338,25 inch
107339,25 inch
107340,20 centimetre
107341,20 centimetre
107342,52 inch
107343,52 inch
107344,30 centimetre
107345,43.5 centimetre
107346,80 millimetre
107347,135 centimetre
107348,7.6 inch
107349,40 centimetre
107350,40 centimetre
107351,
107352,20 centimetre
107353,20 centimetre
107354,20 centimetre
107355,19 centimetre
107356,115 millimetre
107357,115 millimetre
107358,0.98 inch
107359,3.75 inch
107360,3.75 inch
107361,3.75 inch
107362,
107363,14 ton
107364,22 centimetre
107365,22 centimetre
107366,17 centimetre
107367,5.5 inch
107368,5.5 inch
107369,5.5 inch
107370,2.76 inch
107371,2.76 inch
107372,1.5 centimetre
107373,1 centimetre
107374,1 centimetre
107375,80 centimetre
107376,80 centimetre
107377,
107378,
107379,
107380,4 inch
107381,4 inch
107382,
107383,
107384,20 centimetre
107385,
107386,
107387,6.4 kilogram
107388,40.5 centimetre
107389,15 centimetre
107390,15 centimetre
107391,15 centimetre
107392,7.4 centimetre
107393,7.4 centimetre
107394,2.4 gram
107395,28.5 centimetre
107396,28.5 centimetre
107397,2 centimetre
107398,74 centimetre
107399,19 centimetre
107400,32 inch
107401,39.37 inch
107402,76 centimetre
107403,4.25 inch
107404,4.25 inch
107405,126 inch
107406,10 centimetre
107407,10 centimetre
107408,3 metre
107409,3 metre
107410,6.30 inch
107411,19.6 inch
107412,19.6 inch
107413,38 centimetre
107414,38 centimetre
107415,139 gram
107416,2 inch
107417,2 inch
107418,443 millimetre
107419,443 millimetre
107420,13 centimetre
107421,60 inch
107422,60 inch
107423,60 inch
107424,6.2 inch
107425,
107426,
107427,
107428,6.3 inch
107429,29.5 inch
107430,29.5 inch
107431,29.5 inch
107432,50 centimetre
107433,35 centimetre
107434,37 millimetre
107435,37 millimetre
107436,37 millimetre
107437,
107438,
107439,
107440,
107441,11 centimetre
107442,43 centimetre
107443,43 centimetre
107444,180 centimetre
107445,
107446,
107447,20 centimetre
107448,20 centimetre
107449,8 centimetre
107450,8 centimetre
107451,262 millimetre
107452,
107453,147 millimetre
107454,11.3 centimetre
107455,7.8 ounce
107456,7.8 ounce
107457,350 millimetre
107458,4.01 inch
107459,30 centimetre
107460,4 metre
107461,4 metre
107462,2 inch
107463,11.55 inch
107464,11.55 inch
107465,5.51 inch
107466,5.51 inch
107467,65 millimetre
107468,6 inch
107469,
107470,
107471,15 centimetre
107472,
107473,
107474,24.6 centimetre
107475,25 centimetre
107476,25 centimetre
107477,200 centimetre
107478,
107479,
107480,
107481,75 centimetre
107482,91 inch
107483,91 inch
107484,72 inch
107485,72 inch
107486,
107487,
107488,
107489,
107490,143.5 centimetre
107491,
107492,
107493,8 centimetre
107494,8 centimetre
107495,8 centimetre
107496,
107497,4 inch
107498,4 inch
107499,2.3 inch
107500,119 millimetre
107501,119 millimetre
107502,22 centimetre
107503,11 centimetre
107504,1.2 inch
107505,60 centimetre
107506,60 centimetre
107507,
107508,
107509,
107510,
107511,51 centimetre
107512,51 centimetre
107513,
107514,
107515,
107516,0.94 inch
107517,
107518,84 centimetre
107519,84 centimetre
107520,
107521,
107522,5 centimetre
107523,72 inch
107524,35 millimetre
107525,35 millimetre
107526,66 centimetre
107527,7 inch
107528,
107529,
107530,3.2 inch
107531,3.2 inch
107532,3 centimetre
107533,3 centimetre
107534,8.48 inch
107535,21 centimetre
107536,4 centimetre
107537,0.98 inch
107538,
107539,4.7 inch
107540,45.5 centimetre
107541,45.5 centimetre
107542,12 millimetre
107543,2 centimetre
107544,2 centimetre
107545,
107546,
107547,
107548,
107549,19 centimetre
107550,19 centimetre
107551,
107552,
107553,2.5 inch
107554,
107555,
107556,
107557,26 centimetre
107558,25 millimetre
107559,25 millimetre
107560,9 ton
107561,4.3 centimetre
107562,4.3 centimetre
107563,18.5 centimetre
107564,18.5 centimetre
107565,25 centimetre
107566,1.9 inch
107567,1.9 inch
107568,1.9 inch
107569,8.21 inch
107570,8.21 inch
107571,128 centimetre
107572,128 centimetre
107573,128 centimetre
107574,7 centimetre
107575,0.8 inch
